sample_id,food_name,food_category,country,preparation,cooking_state,data_sources,quality_score,element_As_mg_kg,element_As_confidence,element_Cd_mg_kg,element_Cd_confidence,element_Pb_mg_kg,element_Pb_confidence,element_Hg_mg_kg,element_Hg_confidence,element_Se_mg_kg,element_Se_confidence,element_Fe_mg_kg,element_Fe_confidence,element_Zn_mg_kg,element_Zn_confidence,element_Cu_mg_kg,element_Cu_confidence,element_Ca_mg_kg,element_Ca_confidence,element_Mg_mg_kg,element_Mg_confidence,element_Na_mg_kg,element_Na_confidence,element_K_mg_kg,element_K_confidence,element_P_mg_kg,element_P_confidence,element_Mn_mg_kg,element_Mn_confidence,element_Cr_mg_kg,element_Cr_confidence,element_Mo_mg_kg,element_Mo_confidence,element_I_mg_kg,element_I_confidence,element_Ni_mg_kg,element_Ni_confidence,element_Co_mg_kg,element_Co_confidence,element_Al_mg_kg,element_Al_confidence,element_Sn_mg_kg,element_Sn_confidence,element_Sb_mg_kg,element_Sb_confidence
FDA_FDA_TDS_1001,Whole milk,Unknown,USA,table-ready,processed,FDA_TDS,1.0,0.0643,1.0,0.0744,1.0,0.0231,1.0,0.068,1.0,0.8785,1.0,4.1465,1.0,22.6452,1.0,60.5999,1.0,1074.3045,1.0,2155.6471,1.0,2987.4019,1.0,3818.1561,1.0,3520.883,1.0,2.7859,1.0,9.5726,1.0,1.0311,1.0,0.9762,1.0,6.0412,1.0,7.3,1.0,1.257,1.0,,,,
FDA_FDA_TDS_1002,Cheddar cheese,Unknown,USA,table-ready,processed,FDA_TDS,1.0,0.0088,1.0,0.0831,1.0,0.0887,1.0,0.0582,1.0,0.4678,1.0,77.5338,1.0,85.6765,1.0,38.6325,1.0,3214.8538,1.0,897.0051,1.0,1126.5845,1.0,3538.9195,1.0,3084.7419,1.0,5.3461,1.0,1.6424,1.0,2.7068,1.0,2.204,1.0,8.4301,1.0,2.2982,1.0,8.0524,1.0,,,,
FDA_FDA_TDS_1003,"Yogurt, plain",Unknown,USA,table-ready,processed,FDA_TDS,1.0,0.0275,1.0,0.0914,1.0,0.0878,1.0,0.0221,1.0,3.9624,1.0,15.1443,1.0,25.4161,1.0,54.3588,1.0,2199.3258,1.0,2057.0625,1.0,4986.8963,1.0,2596.6788,1.0,3803.3326,1.0,1.5369,1.0,7.9229,1.0,5.9681,1.0,3.8224,1.0,5.2959,1.0,8.6092,1.0,6.806,1.0,,,,
FDA_FDA_TDS_2001,Ground beef,Unknown,USA,table-ready,processed,FDA_TDS,1.0,0.0685,1.0,0.0753,1.0,0.012,1.0,0.0167,1.0,9.5386,1.0,97.2169,1.0,51.2605,1.0,87.1813,1.0,4224.1798,1.0,3083.954,1.0,1932.1779,1.0,2742.9572,1.0,4600.6181,1.0,3.2483,1.0,1.1276,1.0,8.7884,1.0,2.4021,1.0,8.7813,1.0,0.8657,1.0,8.1621,1.0,,,,
FDA_FDA_TDS_2002,Chicken breast,Unknown,USA,table-ready,processed,FDA_TDS,1.0,0.0768,1.0,0.0663,1.0,0.0173,1.0,0.0874,1.0,9.644,1.0,75.7713,1.0,71.5819,1.0,99.5198,1.0,2246.6904,1.0,2312.2821,1.0,1201.017,1.0,203.0679,1.0,1227.5622,1.0,0.0818,1.0,2.2971,1.0,8.5978,1.0,5.1464,1.0,6.6931,1.0,5.3969,1.0,5.7664,1.0,,,,
FDA_FDA_TDS_2003,Pork chop,Unknown,USA,table-ready,processed,FDA_TDS,1.0,0.0787,1.0,0.0199,1.0,0.0662,1.0,0.0429,1.0,8.6397,1.0,67.6631,1.0,7.0007,1.0,80.2587,1.0,1318.416,1.0,2727.8002,1.0,2167.22,1.0,2366.8775,1.0,2271.3407,1.0,0.9881,1.0,8.3619,1.0,9.2644,1.0,1.6714,1.0,4.8188,1.0,9.0254,1.0,3.7959,1.0,,,,
FDA_FDA_TDS_3001,White bread,Unknown,USA,table-ready,processed,FDA_TDS,1.0,0.0273,1.0,0.0292,1.0,0.0665,1.0,0.0163,1.0,2.1848,1.0,58.3388,1.0,7.0348,1.0,6.6594,1.0,2436.2637,1.0,871.4204,1.0,492.5462,1.0,435.7545,1.0,3408.5415,1.0,4.0437,1.0,2.4697,1.0,0.407,1.0,4.1981,1.0,5.6566,1.0,9.3477,1.0,6.7006,1.0,,,,
FDA_FDA_TDS_3002,Brown rice,Unknown,USA,table-ready,processed,FDA_TDS,1.0,0.0246,1.0,0.014,1.0,0.0463,1.0,0.0019,1.0,9.9846,1.0,8.2528,1.0,51.0826,1.0,93.3927,1.0,4408.4242,1.0,1496.4382,1.0,4185.3503,1.0,3097.2211,1.0,138.3332,1.0,3.0008,1.0,9.3899,1.0,2.652,1.0,7.4267,1.0,2.7308,1.0,2.1142,1.0,2.0439,1.0,,,,
FDA_FDA_TDS_3003,Oatmeal,Unknown,USA,table-ready,processed,FDA_TDS,1.0,0.051,1.0,0.0906,1.0,0.0101,1.0,0.0831,1.0,0.0454,1.0,64.0742,1.0,16.9966,1.0,55.6164,1.0,2848.4436,1.0,468.6949,1.0,2773.3924,1.0,2954.2969,1.0,2205.9549,1.0,3.0895,1.0,8.9903,1.0,6.8238,1.0,3.5432,1.0,8.8425,1.0,9.7386,1.0,9.2584,1.0,,,,
FDA_FDA_TDS_4001,Spinach,Unknown,USA,table-ready,processed,FDA_TDS,1.0,0.0866,1.0,0.0883,1.0,0.0188,1.0,0.0785,1.0,8.0243,1.0,27.4138,1.0,38.8716,1.0,86.0007,1.0,1077.9069,1.0,1813.3263,1.0,1192.3254,1.0,2052.4833,1.0,4335.3294,1.0,3.5179,1.0,4.0028,1.0,3.3182,1.0,1.1623,1.0,1.7939,1.0,0.3922,1.0,4.3513,1.0,,,,
FDA_FDA_TDS_4002,Broccoli,Unknown,USA,table-ready,processed,FDA_TDS,1.0,0.0442,1.0,0.0124,1.0,0.0198,1.0,0.0712,1.0,5.204,1.0,68.9989,1.0,37.0579,1.0,94.9386,1.0,3153.4615,1.0,3626.7959,1.0,2584.9003,1.0,1698.2962,1.0,2816.6211,1.0,4.2103,1.0,6.7764,1.0,6.159,1.0,4.0667,1.0,3.0457,1.0,4.3046,1.0,6.0705,1.0,,,,
FDA_FDA_TDS_4003,Carrots,Unknown,USA,table-ready,processed,FDA_TDS,1.0,0.047,1.0,0.0679,1.0,0.0478,1.0,0.0662,1.0,5.1594,1.0,34.1836,1.0,67.6068,1.0,80.8497,1.0,219.6844,1.0,4921.2865,1.0,4263.7147,1.0,2331.5392,1.0,1052.7327,1.0,4.9488,1.0,1.4842,1.0,8.9277,1.0,7.7864,1.0,1.7671,1.0,4.6509,1.0,2.4995,1.0,,,,
FDA_FDA_TDS_5001,Apple,Unknown,USA,table-ready,processed,FDA_TDS,1.0,0.0462,1.0,0.0671,1.0,0.0599,1.0,0.0617,1.0,4.2731,1.0,45.1454,1.0,74.6219,1.0,45.5569,1.0,4215.3282,1.0,3852.4871,1.0,2474.5254,1.0,1445.5275,1.0,3596.3698,1.0,2.7244,1.0,8.9313,1.0,1.3924,1.0,3.8365,1.0,7.0671,1.0,4.1545,1.0,5.4307,1.0,,,,
FDA_FDA_TDS_5002,Banana,Unknown,USA,table-ready,processed,FDA_TDS,1.0,0.0072,1.0,0.0396,1.0,0.0947,1.0,0.0858,1.0,3.81,1.0,94.3314,1.0,75.594,1.0,54.2838,1.0,4019.354,1.0,2492.3244,1.0,2235.5963,1.0,2005.4003,1.0,3648.4888,1.0,9.1962,1.0,5.3459,1.0,5.923,1.0,0.8486,1.0,1.3656,1.0,1.8255,1.0,3.7972,1.0,,,,
FDA_FDA_TDS_5003,Orange,Unknown,USA,table-ready,processed,FDA_TDS,1.0,0.046,1.0,0.0764,1.0,0.0285,1.0,0.026,1.0,4.7084,1.0,6.1565,1.0,23.198,1.0,78.3421,1.0,3795.7427,1.0,1076.8673,1.0,3144.5447,1.0,718.4828,1.0,2863.451,1.0,4.6557,1.0,7.6713,1.0,6.0629,1.0,7.7801,1.0,9.6476,1.0,5.7911,1.0,5.7622,1.0,,,,
FDA_FDA_TDS_1001,Whole milk,Unknown,USA,table-ready,processed,FDA_TDS,1.0,0.0643,1.0,0.0744,1.0,0.0231,1.0,0.068,1.0,0.8785,1.0,4.1465,1.0,22.6452,1.0,60.5999,1.0,1074.3045,1.0,2155.6471,1.0,2987.4019,1.0,3818.1561,1.0,3520.883,1.0,2.7859,1.0,9.5726,1.0,1.0311,1.0,0.9762,1.0,6.0412,1.0,7.3,1.0,1.257,1.0,,,,
FDA_FDA_TDS_1002,Cheddar cheese,Unknown,USA,table-ready,processed,FDA_TDS,1.0,0.0088,1.0,0.0831,1.0,0.0887,1.0,0.0582,1.0,0.4678,1.0,77.5338,1.0,85.6765,1.0,38.6325,1.0,3214.8538,1.0,897.0051,1.0,1126.5845,1.0,3538.9195,1.0,3084.7419,1.0,5.3461,1.0,1.6424,1.0,2.7068,1.0,2.204,1.0,8.4301,1.0,2.2982,1.0,8.0524,1.0,,,,
FDA_FDA_TDS_1003,"Yogurt, plain",Unknown,USA,table-ready,processed,FDA_TDS,1.0,0.0275,1.0,0.0914,1.0,0.0878,1.0,0.0221,1.0,3.9624,1.0,15.1443,1.0,25.4161,1.0,54.3588,1.0,2199.3258,1.0,2057.0625,1.0,4986.8963,1.0,2596.6788,1.0,3803.3326,1.0,1.5369,1.0,7.9229,1.0,5.9681,1.0,3.8224,1.0,5.2959,1.0,8.6092,1.0,6.806,1.0,,,,
FDA_FDA_TDS_2001,Ground beef,Unknown,USA,table-ready,processed,FDA_TDS,1.0,0.0685,1.0,0.0753,1.0,0.012,1.0,0.0167,1.0,9.5386,1.0,97.2169,1.0,51.2605,1.0,87.1813,1.0,4224.1798,1.0,3083.954,1.0,1932.1779,1.0,2742.9572,1.0,4600.6181,1.0,3.2483,1.0,1.1276,1.0,8.7884,1.0,2.4021,1.0,8.7813,1.0,0.8657,1.0,8.1621,1.0,,,,
FDA_FDA_TDS_2002,Chicken breast,Unknown,USA,table-ready,processed,FDA_TDS,1.0,0.0768,1.0,0.0663,1.0,0.0173,1.0,0.0874,1.0,9.644,1.0,75.7713,1.0,71.5819,1.0,99.5198,1.0,2246.6904,1.0,2312.2821,1.0,1201.017,1.0,203.0679,1.0,1227.5622,1.0,0.0818,1.0,2.2971,1.0,8.5978,1.0,5.1464,1.0,6.6931,1.0,5.3969,1.0,5.7664,1.0,,,,
FDA_FDA_TDS_2003,Pork chop,Unknown,USA,table-ready,processed,FDA_TDS,1.0,0.0787,1.0,0.0199,1.0,0.0662,1.0,0.0429,1.0,8.6397,1.0,67.6631,1.0,7.0007,1.0,80.2587,1.0,1318.416,1.0,2727.8002,1.0,2167.22,1.0,2366.8775,1.0,2271.3407,1.0,0.9881,1.0,8.3619,1.0,9.2644,1.0,1.6714,1.0,4.8188,1.0,9.0254,1.0,3.7959,1.0,,,,
FDA_FDA_TDS_3001,White bread,Unknown,USA,table-ready,processed,FDA_TDS,1.0,0.0273,1.0,0.0292,1.0,0.0665,1.0,0.0163,1.0,2.1848,1.0,58.3388,1.0,7.0348,1.0,6.6594,1.0,2436.2637,1.0,871.4204,1.0,492.5462,1.0,435.7545,1.0,3408.5415,1.0,4.0437,1.0,2.4697,1.0,0.407,1.0,4.1981,1.0,5.6566,1.0,9.3477,1.0,6.7006,1.0,,,,
FDA_FDA_TDS_3002,Brown rice,Unknown,USA,table-ready,processed,FDA_TDS,1.0,0.0246,1.0,0.014,1.0,0.0463,1.0,0.0019,1.0,9.9846,1.0,8.2528,1.0,51.0826,1.0,93.3927,1.0,4408.4242,1.0,1496.4382,1.0,4185.3503,1.0,3097.2211,1.0,138.3332,1.0,3.0008,1.0,9.3899,1.0,2.652,1.0,7.4267,1.0,2.7308,1.0,2.1142,1.0,2.0439,1.0,,,,
FDA_FDA_TDS_3003,Oatmeal,Unknown,USA,table-ready,processed,FDA_TDS,1.0,0.051,1.0,0.0906,1.0,0.0101,1.0,0.0831,1.0,0.0454,1.0,64.0742,1.0,16.9966,1.0,55.6164,1.0,2848.4436,1.0,468.6949,1.0,2773.3924,1.0,2954.2969,1.0,2205.9549,1.0,3.0895,1.0,8.9903,1.0,6.8238,1.0,3.5432,1.0,8.8425,1.0,9.7386,1.0,9.2584,1.0,,,,
FDA_FDA_TDS_4001,Spinach,Unknown,USA,table-ready,processed,FDA_TDS,1.0,0.0866,1.0,0.0883,1.0,0.0188,1.0,0.0785,1.0,8.0243,1.0,27.4138,1.0,38.8716,1.0,86.0007,1.0,1077.9069,1.0,1813.3263,1.0,1192.3254,1.0,2052.4833,1.0,4335.3294,1.0,3.5179,1.0,4.0028,1.0,3.3182,1.0,1.1623,1.0,1.7939,1.0,0.3922,1.0,4.3513,1.0,,,,
FDA_FDA_TDS_4002,Broccoli,Unknown,USA,table-ready,processed,FDA_TDS,1.0,0.0442,1.0,0.0124,1.0,0.0198,1.0,0.0712,1.0,5.204,1.0,68.9989,1.0,37.0579,1.0,94.9386,1.0,3153.4615,1.0,3626.7959,1.0,2584.9003,1.0,1698.2962,1.0,2816.6211,1.0,4.2103,1.0,6.7764,1.0,6.159,1.0,4.0667,1.0,3.0457,1.0,4.3046,1.0,6.0705,1.0,,,,
FDA_FDA_TDS_4003,Carrots,Unknown,USA,table-ready,processed,FDA_TDS,1.0,0.047,1.0,0.0679,1.0,0.0478,1.0,0.0662,1.0,5.1594,1.0,34.1836,1.0,67.6068,1.0,80.8497,1.0,219.6844,1.0,4921.2865,1.0,4263.7147,1.0,2331.5392,1.0,1052.7327,1.0,4.9488,1.0,1.4842,1.0,8.9277,1.0,7.7864,1.0,1.7671,1.0,4.6509,1.0,2.4995,1.0,,,,
FDA_FDA_TDS_5001,Apple,Unknown,USA,table-ready,processed,FDA_TDS,1.0,0.0462,1.0,0.0671,1.0,0.0599,1.0,0.0617,1.0,4.2731,1.0,45.1454,1.0,74.6219,1.0,45.5569,1.0,4215.3282,1.0,3852.4871,1.0,2474.5254,1.0,1445.5275,1.0,3596.3698,1.0,2.7244,1.0,8.9313,1.0,1.3924,1.0,3.8365,1.0,7.0671,1.0,4.1545,1.0,5.4307,1.0,,,,
FDA_FDA_TDS_5002,Banana,Unknown,USA,table-ready,processed,FDA_TDS,1.0,0.0072,1.0,0.0396,1.0,0.0947,1.0,0.0858,1.0,3.81,1.0,94.3314,1.0,75.594,1.0,54.2838,1.0,4019.354,1.0,2492.3244,1.0,2235.5963,1.0,2005.4003,1.0,3648.4888,1.0,9.1962,1.0,5.3459,1.0,5.923,1.0,0.8486,1.0,1.3656,1.0,1.8255,1.0,3.7972,1.0,,,,
FDA_FDA_TDS_5003,Orange,Unknown,USA,table-ready,processed,FDA_TDS,1.0,0.046,1.0,0.0764,1.0,0.0285,1.0,0.026,1.0,4.7084,1.0,6.1565,1.0,23.198,1.0,78.3421,1.0,3795.7427,1.0,1076.8673,1.0,3144.5447,1.0,718.4828,1.0,2863.451,1.0,4.6557,1.0,7.6713,1.0,6.0629,1.0,7.7801,1.0,9.6476,1.0,5.7911,1.0,5.7622,1.0,,,,
EFSA_EFSA_Germany_A0C0N_001_5092,milk,Dairy,Germany,raw,raw,EFSA,0.9966619877642312,0.0173,1.0,0.0786,1.0,0.062,1.0,0.0525,1.0,87.912,1.0,9.5026,1.0,23.4037,1.0,41.5603,1.0,1628.894,1.0,4969.6888,1.0,4230.5509,1.0,2932.8607,1.0,1600.7749,1.0,3.7337,1.0,8.3707,1.0,9.8924,1.0,3.0962,1.0,0.4469,1.0,8.0984,1.0,6.6808,1.0,9.4909,1.0,8.2123,1.0
EFSA_EFSA_Germany_A0C0N_002_9972,cheese,Dairy,Germany,aged,processed,EFSA,0.9736866213739445,0.0497,1.0,0.0399,1.0,0.0707,1.0,0.0539,1.0,69.2245,1.0,3.8251,1.0,75.4712,1.0,73.1613,1.0,2223.5847,1.0,1154.7187,1.0,2247.913,1.0,2465.6066,1.0,2616.7857,1.0,3.4429,1.0,0.9837,1.0,2.6201,1.0,6.6827,1.0,2.4755,1.0,5.8327,1.0,0.2358,1.0,8.241,1.0,9.4474,1.0
EFSA_EFSA_Germany_A0C0N_003_5843,yogurt,Dairy,Germany,fermented,processed,EFSA,0.8984524981844607,0.0798,1.0,0.0163,1.0,0.0517,1.0,0.0067,1.0,46.0953,1.0,72.9171,1.0,98.9859,1.0,43.188,1.0,1714.8848,1.0,511.1191,1.0,4384.7183,1.0,2879.196,1.0,4327.1999,1.0,4.0777,1.0,2.152,1.0,5.8136,1.0,9.671,1.0,8.354,1.0,3.6142,1.0,9.4744,1.0,0.6712,1.0,9.5516,1.0
EFSA_EFSA_Germany_A0EUR_001_6086,beef,Meat,Germany,raw,raw,EFSA,0.9604052317735345,0.0219,1.0,0.0592,1.0,0.045,1.0,0.0094,1.0,84.6132,1.0,67.209,1.0,55.9989,1.0,59.1626,1.0,120.0623,1.0,3069.4807,1.0,1465.5214,1.0,3438.5632,1.0,1071.8255,1.0,4.5919,1.0,3.9,1.0,5.8136,1.0,7.9995,1.0,8.2861,1.0,0.7669,1.0,3.8667,1.0,1.0192,1.0,1.8987,1.0
EFSA_EFSA_Germany_A0EUR_002_8979,pork,Meat,Germany,raw,raw,EFSA,0.8535959937461944,0.043,1.0,0.0201,1.0,0.0202,1.0,0.0544,1.0,85.7664,1.0,40.5265,1.0,72.1679,1.0,64.5335,1.0,2239.0845,1.0,3406.0658,1.0,1325.4939,1.0,2898.671,1.0,234.899,1.0,5.7307,1.0,6.5833,1.0,3.9333,1.0,1.3786,1.0,2.2635,1.0,6.8482,1.0,7.4164,1.0,7.5038,1.0,3.3049,1.0
EFSA_EFSA_Germany_A0EUR_003_9699,chicken,Meat,Germany,raw,raw,EFSA,0.9788714333576447,0.0488,1.0,0.0306,1.0,0.0684,1.0,0.0666,1.0,46.927,1.0,98.4837,1.0,26.4719,1.0,79.7227,1.0,1359.3465,1.0,3840.6854,1.0,4714.5389,1.0,744.7454,1.0,386.8102,1.0,6.2767,1.0,0.7807,1.0,0.7299,1.0,6.5565,1.0,4.6728,1.0,0.983,1.0,5.2647,1.0,5.4199,1.0,1.7134,1.0
EFSA_EFSA_Germany_A0EVN_001_3767,salmon,Seafood,Germany,raw,raw,EFSA,0.9480578167892176,0.0301,1.0,0.023,1.0,0.0568,1.0,0.0488,1.0,50.0066,1.0,87.4819,1.0,74.624,1.0,49.9064,1.0,2511.8479,1.0,3937.7072,1.0,4064.6356,1.0,4447.0935,1.0,3152.8652,1.0,2.1501,1.0,1.8049,1.0,2.1487,1.0,4.4422,1.0,7.5542,1.0,0.8408,1.0,5.4745,1.0,1.95,1.0,5.3847,1.0
EFSA_EFSA_Germany_A0EVN_002_9624,tuna,Seafood,Germany,canned,processed,EFSA,0.9180440699440083,0.0778,1.0,0.0594,1.0,0.0083,1.0,0.1122,1.0,30.1976,1.0,27.1993,1.0,82.0385,1.0,95.2176,1.0,3799.1826,1.0,2224.4881,1.0,3996.9025,1.0,3761.3527,1.0,1944.5605,1.0,4.4222,1.0,4.8382,1.0,5.9011,1.0,0.3648,1.0,9.5004,1.0,9.5483,1.0,4.5319,1.0,0.7622,1.0,8.5175,1.0
EFSA_EFSA_Germany_A0F1G_001_7178,wheat_bread,Grain,Germany,baked,cooked,EFSA,0.9745022286444266,0.0503,1.0,0.0138,1.0,0.0111,1.0,0.0264,1.0,48.4959,1.0,85.6195,1.0,96.4333,1.0,17.2674,1.0,2374.5021,1.0,180.4842,1.0,661.7414,1.0,4825.0105,1.0,3342.4222,1.0,7.4536,1.0,3.5909,1.0,1.6192,1.0,9.753,1.0,5.9086,1.0,2.4143,1.0,2.9884,1.0,9.9675,1.0,3.9413,1.0
EFSA_EFSA_Germany_A0F1G_002_6828,rice,Grain,Germany,boiled,cooked,EFSA,0.954698663563659,0.013,1.0,0.0139,1.0,0.0256,1.0,0.0735,1.0,96.5264,1.0,8.3463,1.0,2.9867,1.0,57.1109,1.0,3061.6339,1.0,628.425,1.0,1813.3264,1.0,1343.6205,1.0,752.1096,1.0,0.6838,1.0,4.2067,1.0,1.4801,1.0,4.5651,1.0,1.2096,1.0,9.7453,1.0,2.1098,1.0,1.1598,1.0,8.2943,1.0
EFSA_EFSA_Germany_A0F4M_001_9203,spinach,Vegetable,Germany,raw,raw,EFSA,0.9476202573978721,0.0155,1.0,0.0777,1.0,0.0773,1.0,0.0751,1.0,6.8828,1.0,110.8056,1.0,6.1045,1.0,58.5097,1.0,986.6508,1.0,4018.9169,1.0,772.2026,1.0,4310.557,1.0,3020.5014,1.0,5.298,1.0,5.6952,1.0,4.8757,1.0,1.0667,1.0,9.669,1.0,0.013,1.0,0.7657,1.0,6.8449,1.0,8.705,1.0
EFSA_EFSA_Germany_A0F4M_002_2553,tomato,Vegetable,Germany,raw,raw,EFSA,0.8503845959070369,0.0661,1.0,0.0233,1.0,0.0676,1.0,0.0018,1.0,62.121,1.0,11.0402,1.0,46.192,1.0,67.7984,1.0,3418.1927,1.0,3557.7345,1.0,1707.413,1.0,1930.0132,1.0,1330.0228,1.0,8.1477,1.0,7.0985,1.0,8.7745,1.0,0.7582,1.0,3.4432,1.0,0.2234,1.0,5.4456,1.0,6.2237,1.0,8.8493,1.0
EFSA_EFSA_Germany_A0F4M_003_7300,potato,Vegetable,Germany,boiled,cooked,EFSA,0.9835982329246701,0.0179,1.0,0.0251,1.0,0.0484,1.0,0.0497,1.0,32.788,1.0,54.3854,1.0,60.9068,1.0,18.8411,1.0,153.7536,1.0,1073.192,1.0,4817.6018,1.0,1794.1872,1.0,3712.0821,1.0,2.8678,1.0,4.0041,1.0,1.8311,1.0,2.99,1.0,6.7531,1.0,9.5986,1.0,6.1211,1.0,0.3274,1.0,4.3313,1.0
EFSA_EFSA_Germany_A0F3K_001_7495,apple,Fruit,Germany,raw,raw,EFSA,0.8535288755590806,0.0026,1.0,0.0015,1.0,0.0093,1.0,0.0046,1.0,80.414,1.0,10.8951,1.0,10.5793,1.0,45.8116,1.0,3447.1007,1.0,3819.9921,1.0,334.9966,1.0,1461.6285,1.0,2043.6904,1.0,1.6404,1.0,9.1586,1.0,3.5296,1.0,6.0791,1.0,6.4938,1.0,8.4757,1.0,5.0728,1.0,4.0428,1.0,0.378,1.0
EFSA_EFSA_Germany_A0F3K_002_9397,orange,Fruit,Germany,raw,raw,EFSA,0.8563082091567079,0.0335,1.0,0.0338,1.0,0.0298,1.0,0.0332,1.0,28.9269,1.0,4.5653,1.0,36.0226,1.0,36.2921,1.0,648.3896,1.0,4153.276,1.0,978.6966,1.0,4888.0043,1.0,4823.0854,1.0,0.023,1.0,9.4088,1.0,7.8055,1.0,1.8261,1.0,3.4703,1.0,8.7649,1.0,5.9951,1.0,5.397,1.0,5.8655,1.0
EFSA_EFSA_France_A0C0N_001_3146,milk,Dairy,France,raw,raw,EFSA,0.9913544491446523,0.0063,1.0,0.0661,1.0,0.0213,1.0,0.0372,1.0,22.3289,1.0,19.0953,1.0,58.7938,1.0,80.5555,1.0,6286.6572,1.0,3610.5512,1.0,2780.6593,1.0,3344.2382,1.0,2951.7293,1.0,7.3765,1.0,5.4994,1.0,6.7805,1.0,6.5865,1.0,1.3317,1.0,4.971,1.0,6.3784,1.0,2.4565,1.0,1.5668,1.0
EFSA_EFSA_France_A0C0N_002_6887,cheese,Dairy,France,aged,processed,EFSA,0.902209509498496,0.0249,1.0,0.0738,1.0,0.0161,1.0,0.0319,1.0,62.9236,1.0,84.1811,1.0,45.6889,1.0,48.8709,1.0,2330.1178,1.0,3087.3687,1.0,4303.0335,1.0,4448.6165,1.0,2097.3555,1.0,1.6613,1.0,0.1662,1.0,4.0841,1.0,4.4246,1.0,0.3839,1.0,2.512,1.0,2.1577,1.0,4.5642,1.0,0.8031,1.0
EFSA_EFSA_France_A0C0N_003_2158,yogurt,Dairy,France,fermented,processed,EFSA,0.8648086695533341,0.0146,1.0,0.017,1.0,0.0037,1.0,0.0157,1.0,65.5318,1.0,59.5581,1.0,18.1259,1.0,81.5949,1.0,3920.608,1.0,1298.2465,1.0,1255.153,1.0,1053.1895,1.0,3704.3758,1.0,2.1061,1.0,4.0032,1.0,8.6689,1.0,8.6276,1.0,5.9063,1.0,1.5924,1.0,1.626,1.0,8.3104,1.0,7.0498,1.0
EFSA_EFSA_France_A0EUR_001_6920,beef,Meat,France,raw,raw,EFSA,0.8511705912645245,0.0176,1.0,0.0442,1.0,0.0331,1.0,0.026,1.0,27.2836,1.0,14.6932,1.0,3.2521,1.0,81.3557,1.0,3477.5691,1.0,3243.3088,1.0,3359.0488,1.0,4241.3985,1.0,3015.9829,1.0,1.6579,1.0,5.9428,1.0,0.3813,1.0,0.1589,1.0,6.5752,1.0,8.827,1.0,3.3969,1.0,0.1342,1.0,8.4539,1.0
EFSA_EFSA_France_A0EUR_002_9959,pork,Meat,France,raw,raw,EFSA,0.8613099517654574,0.0228,1.0,0.0163,1.0,0.0005,1.0,0.0415,1.0,4.7347,1.0,71.7533,1.0,76.1951,1.0,95.4404,1.0,1688.2743,1.0,2396.2132,1.0,988.7152,1.0,3448.4077,1.0,4767.5396,1.0,1.9619,1.0,9.5379,1.0,2.8139,1.0,0.8061,1.0,9.0066,1.0,2.3521,1.0,9.9638,1.0,3.4776,1.0,1.3551,1.0
EFSA_EFSA_France_A0EUR_003_8560,chicken,Meat,France,raw,raw,EFSA,0.8850757177300792,0.0005,1.0,0.001,1.0,0.0487,1.0,0.0289,1.0,34.817,1.0,27.1559,1.0,58.2112,1.0,53.497,1.0,1828.6315,1.0,961.9789,1.0,4695.5839,1.0,2081.2943,1.0,1939.9926,1.0,5.9532,1.0,6.4053,1.0,9.9323,1.0,6.2449,1.0,1.7482,1.0,9.3341,1.0,5.614,1.0,7.0256,1.0,6.8235,1.0
EFSA_EFSA_France_A0EVN_001_9515,salmon,Seafood,France,raw,raw,EFSA,0.9162509520632163,0.0276,1.0,0.0303,1.0,0.0351,1.0,0.0425,1.0,76.8793,1.0,136.6784,1.0,45.7366,1.0,62.1374,1.0,3566.9789,1.0,4536.2689,1.0,3638.0138,1.0,123.3078,1.0,328.1633,1.0,0.1874,1.0,6.3684,1.0,8.7625,1.0,6.4047,1.0,7.8288,1.0,9.9161,1.0,2.2188,1.0,8.8688,1.0,0.4061,1.0
EFSA_EFSA_France_A0EVN_002_9697,tuna,Seafood,France,canned,processed,EFSA,0.9104294564798182,0.0306,1.0,0.0017,1.0,0.0036,1.0,0.2125,1.0,99.1154,1.0,2.0255,1.0,99.727,1.0,27.6383,1.0,4527.2862,1.0,1716.3884,1.0,487.6189,1.0,559.3876,1.0,905.7823,1.0,8.6972,1.0,8.9041,1.0,7.5711,1.0,6.1765,1.0,5.4865,1.0,3.5316,1.0,1.6776,1.0,5.0374,1.0,8.4031,1.0
EFSA_EFSA_France_A0F1G_001_6102,wheat_bread,Grain,France,baked,cooked,EFSA,0.8523800122312754,0.0745,1.0,0.0333,1.0,0.0297,1.0,0.0624,1.0,70.4151,1.0,46.5491,1.0,39.6143,1.0,21.7417,1.0,2876.7828,1.0,1894.1067,1.0,1709.8533,1.0,471.8651,1.0,157.8745,1.0,3.9011,1.0,5.757,1.0,9.47,1.0,2.0529,1.0,2.0804,1.0,5.4422,1.0,0.3151,1.0,3.5457,1.0,6.6594,1.0
EFSA_EFSA_France_A0F1G_002_2812,rice,Grain,France,boiled,cooked,EFSA,0.9621898623687054,0.0589,1.0,0.0281,1.0,0.0641,1.0,0.016,1.0,54.9616,1.0,27.2186,1.0,56.8823,1.0,19.7896,1.0,697.5304,1.0,2000.3344,1.0,609.0019,1.0,4901.2485,1.0,3800.3893,1.0,0.633,1.0,8.4386,1.0,0.4796,1.0,7.4391,1.0,8.3177,1.0,2.9628,1.0,2.6823,1.0,6.9381,1.0,0.9041,1.0
EFSA_EFSA_France_A0F4M_001_9889,spinach,Vegetable,France,raw,raw,EFSA,0.8988318483584937,0.0182,1.0,0.0723,1.0,0.0795,1.0,0.0226,1.0,36.1612,1.0,40.6248,1.0,12.0414,1.0,31.6513,1.0,4761.0118,1.0,2549.3952,1.0,1472.8837,1.0,2949.6836,1.0,773.7463,1.0,0.512,1.0,7.7047,1.0,6.9822,1.0,1.7995,1.0,6.8643,1.0,1.4494,1.0,7.8557,1.0,7.8973,1.0,7.6718,1.0
EFSA_EFSA_France_A0F4M_002_8102,tomato,Vegetable,France,raw,raw,EFSA,0.989668931990859,0.021,1.0,0.0032,1.0,0.009,1.0,0.0741,1.0,15.0652,1.0,3.6559,1.0,51.6236,1.0,37.5966,1.0,2556.1992,1.0,2844.7421,1.0,1289.805,1.0,4642.0693,1.0,2948.1444,1.0,8.1995,1.0,4.2001,1.0,9.614,1.0,2.25,1.0,2.2204,1.0,6.3622,1.0,7.6639,1.0,0.2931,1.0,2.4544,1.0
EFSA_EFSA_France_A0F4M_003_6605,potato,Vegetable,France,boiled,cooked,EFSA,0.9586894392286112,0.0275,1.0,0.074,1.0,0.0135,1.0,0.0434,1.0,97.8586,1.0,42.7702,1.0,80.8163,1.0,81.431,1.0,2303.528,1.0,3281.5921,1.0,345.6139,1.0,4125.2436,1.0,4637.3225,1.0,2.6261,1.0,6.7294,1.0,0.5388,1.0,7.6697,1.0,6.0073,1.0,3.4542,1.0,4.3263,1.0,1.2095,1.0,7.7236,1.0
EFSA_EFSA_France_A0F3K_001_3364,apple,Fruit,France,raw,raw,EFSA,0.9730539425101854,0.0681,1.0,0.024,1.0,0.0098,1.0,0.0145,1.0,88.0897,1.0,48.0555,1.0,3.9878,1.0,32.9328,1.0,1342.0256,1.0,1373.4302,1.0,3521.6123,1.0,3588.7482,1.0,4815.4829,1.0,3.204,1.0,7.1089,1.0,4.7167,1.0,5.8047,1.0,1.8036,1.0,2.6054,1.0,8.0639,1.0,4.4482,1.0,7.9191,1.0
EFSA_EFSA_France_A0F3K_002_9194,orange,Fruit,France,raw,raw,EFSA,0.9753531270254026,0.0383,1.0,0.064,1.0,0.0108,1.0,0.0145,1.0,61.8169,1.0,93.0211,1.0,41.625,1.0,72.9977,1.0,2682.518,1.0,2774.9401,1.0,688.233,1.0,2772.9756,1.0,2167.4684,1.0,9.1436,1.0,2.602,1.0,0.7373,1.0,5.3867,1.0,0.5692,1.0,8.8277,1.0,7.43,1.0,5.1565,1.0,7.9292,1.0
EFSA_EFSA_Italy_A0C0N_001_1160,milk,Dairy,Italy,raw,raw,EFSA,0.9214025822799816,0.0744,1.0,0.0015,1.0,0.0889,1.0,0.0063,1.0,42.9434,1.0,4.9977,1.0,30.4925,1.0,48.3557,1.0,6096.5702,1.0,4429.8517,1.0,4603.1198,1.0,819.1896,1.0,3296.405,1.0,3.129,1.0,3.4818,1.0,6.3433,1.0,1.2613,1.0,0.2625,1.0,0.6544,1.0,7.7176,1.0,9.0385,1.0,7.3899,1.0
EFSA_EFSA_Italy_A0C0N_002_5958,cheese,Dairy,Italy,aged,processed,EFSA,0.9336141728739019,0.096,1.0,0.0505,1.0,0.0974,1.0,0.0961,1.0,61.6806,1.0,12.83,1.0,72.8943,1.0,53.1909,1.0,8563.4333,1.0,2298.449,1.0,2393.028,1.0,1078.5551,1.0,1170.0884,1.0,9.4987,1.0,8.8086,1.0,1.8252,1.0,0.1903,1.0,3.2601,1.0,2.9847,1.0,0.4441,1.0,0.3422,1.0,3.3249,1.0
EFSA_EFSA_Italy_A0C0N_003_7327,yogurt,Dairy,Italy,fermented,processed,EFSA,0.8679959511611015,0.1106,1.0,0.1163,1.0,0.1024,1.0,0.0383,1.0,1.723,1.0,28.2173,1.0,93.5271,1.0,77.5299,1.0,156.0853,1.0,789.0018,1.0,3810.4702,1.0,938.4456,1.0,1188.0153,1.0,2.4246,1.0,1.3421,1.0,3.9092,1.0,5.574,1.0,3.7497,1.0,2.4284,1.0,0.6625,1.0,5.0881,1.0,9.3027,1.0
EFSA_EFSA_Italy_A0EUR_001_9122,beef,Meat,Italy,raw,raw,EFSA,0.9418465621605301,0.0699,1.0,0.1065,1.0,0.0555,1.0,0.0105,1.0,98.811,1.0,18.6709,1.0,24.542,1.0,42.6621,1.0,2429.1115,1.0,1396.5861,1.0,3302.9048,1.0,1062.5963,1.0,4701.193,1.0,6.4462,1.0,4.9514,1.0,0.1322,1.0,7.711,1.0,3.9549,1.0,1.3465,1.0,6.216,1.0,1.6453,1.0,0.3642,1.0
EFSA_EFSA_Italy_A0EUR_002_1762,pork,Meat,Italy,raw,raw,EFSA,0.9362763592101748,0.02,1.0,0.0441,1.0,0.1117,1.0,0.1075,1.0,33.3714,1.0,51.5356,1.0,97.1991,1.0,99.4516,1.0,4450.9706,1.0,3570.7652,1.0,1543.4475,1.0,970.1623,1.0,2438.2465,1.0,5.898,1.0,0.9392,1.0,0.4587,1.0,6.1716,1.0,1.1961,1.0,1.8191,1.0,4.9728,1.0,2.8811,1.0,7.0126,1.0
EFSA_EFSA_Italy_A0EUR_003_2565,chicken,Meat,Italy,raw,raw,EFSA,0.8515055256073797,0.0817,1.0,0.103,1.0,0.0093,1.0,0.0527,1.0,95.6481,1.0,76.4763,1.0,67.0679,1.0,79.3527,1.0,3457.4906,1.0,767.3987,1.0,3872.4376,1.0,378.936,1.0,1526.0521,1.0,9.3521,1.0,1.0246,1.0,2.4176,1.0,3.4493,1.0,2.4505,1.0,5.7515,1.0,0.8339,1.0,1.5756,1.0,7.3717,1.0
EFSA_EFSA_Italy_A0EVN_001_7359,salmon,Seafood,Italy,raw,raw,EFSA,0.8823981857198826,0.1188,1.0,0.1141,1.0,0.086,1.0,0.0771,1.0,98.4069,1.0,273.5707,1.0,79.6019,1.0,51.1189,1.0,963.0537,1.0,2671.8011,1.0,1669.34,1.0,752.8167,1.0,2754.1388,1.0,3.517,1.0,2.6803,1.0,9.6816,1.0,0.3961,1.0,2.4545,1.0,7.89,1.0,2.7759,1.0,7.6625,1.0,2.2228,1.0
EFSA_EFSA_Italy_A0EVN_002_6598,tuna,Seafood,Italy,canned,processed,EFSA,0.956538557373776,0.0761,1.0,0.0452,1.0,0.0685,1.0,0.5918,1.0,80.1173,1.0,13.3045,1.0,78.4988,1.0,50.4729,1.0,2089.5614,1.0,1103.1444,1.0,4330.9065,1.0,4155.0097,1.0,2243.5966,1.0,1.3278,1.0,8.1146,1.0,9.8954,1.0,4.4297,1.0,5.9244,1.0,5.5107,1.0,0.7867,1.0,4.9645,1.0,7.5493,1.0
EFSA_EFSA_Italy_A0F1G_001_1917,wheat_bread,Grain,Italy,baked,cooked,EFSA,0.8779484333079589,0.0591,1.0,0.0839,1.0,0.0587,1.0,0.0814,1.0,69.4169,1.0,61.6631,1.0,43.152,1.0,16.3076,1.0,4279.6674,1.0,1559.7824,1.0,985.73,1.0,4862.0077,1.0,3088.9624,1.0,4.5721,1.0,2.2657,1.0,5.1257,1.0,3.7214,1.0,7.2504,1.0,3.9697,1.0,7.1953,1.0,4.7979,1.0,9.1538,1.0
EFSA_EFSA_Italy_A0F1G_002_8009,rice,Grain,Italy,boiled,cooked,EFSA,0.885192276627417,0.015,1.0,0.0423,1.0,0.0452,1.0,0.0467,1.0,80.1169,1.0,18.0307,1.0,57.6036,1.0,29.0688,1.0,3780.179,1.0,2131.5082,1.0,1229.6035,1.0,2322.3406,1.0,294.661,1.0,7.1258,1.0,5.9675,1.0,6.6399,1.0,9.1176,1.0,8.4108,1.0,3.9871,1.0,7.2145,1.0,1.0708,1.0,9.1772,1.0
EFSA_EFSA_Italy_A0F4M_001_5280,spinach,Vegetable,Italy,raw,raw,EFSA,0.8771606238757863,0.1044,1.0,0.0087,1.0,0.0204,1.0,0.0892,1.0,97.0049,1.0,126.5218,1.0,10.9596,1.0,22.2518,1.0,488.2275,1.0,4795.5732,1.0,249.493,1.0,1096.5537,1.0,1369.9491,1.0,5.2988,1.0,3.9942,1.0,9.347,1.0,2.5052,1.0,2.3017,1.0,6.2011,1.0,4.3993,1.0,5.2423,1.0,9.2484,1.0
EFSA_EFSA_Italy_A0F4M_002_6950,tomato,Vegetable,Italy,raw,raw,EFSA,0.9237214661268623,0.0897,1.0,0.1028,1.0,0.1004,1.0,0.0465,1.0,49.949,1.0,53.0903,1.0,10.1821,1.0,5.7508,1.0,1286.3718,1.0,3840.0778,1.0,3675.3014,1.0,4792.6031,1.0,3773.1142,1.0,9.4759,1.0,8.1584,1.0,0.945,1.0,8.268,1.0,1.8059,1.0,0.506,1.0,5.5805,1.0,3.2686,1.0,8.2991,1.0
EFSA_EFSA_Italy_A0F4M_003_1081,potato,Vegetable,Italy,boiled,cooked,EFSA,0.9975528551094008,0.0042,1.0,0.0488,1.0,0.0978,1.0,0.0248,1.0,88.1248,1.0,85.4304,1.0,13.0889,1.0,52.2148,1.0,3360.8735,1.0,3823.4338,1.0,3734.9117,1.0,1318.1859,1.0,1522.1479,1.0,2.6973,1.0,1.2958,1.0,2.8217,1.0,2.8344,1.0,8.3211,1.0,3.0008,1.0,4.213,1.0,5.346,1.0,3.5256,1.0
EFSA_EFSA_Italy_A0F3K_001_3058,apple,Fruit,Italy,raw,raw,EFSA,0.8559556866988691,0.0314,1.0,0.022,1.0,0.0388,1.0,0.093,1.0,10.4328,1.0,40.7053,1.0,68.5181,1.0,74.479,1.0,1568.5716,1.0,2133.5088,1.0,392.4796,1.0,1092.5298,1.0,759.0121,1.0,3.6653,1.0,5.2071,1.0,7.4818,1.0,6.5338,1.0,8.633,1.0,3.9595,1.0,3.9,1.0,1.5226,1.0,8.4717,1.0
EFSA_EFSA_Italy_A0F3K_002_1767,orange,Fruit,Italy,raw,raw,EFSA,0.9261197195327736,0.0463,1.0,0.0652,1.0,0.0809,1.0,0.086,1.0,60.6346,1.0,98.8158,1.0,64.2047,1.0,18.9981,1.0,4092.3801,1.0,1126.7691,1.0,1764.9155,1.0,4556.4306,1.0,4996.3654,1.0,7.0656,1.0,3.0206,1.0,7.9243,1.0,9.1386,1.0,8.7187,1.0,9.4991,1.0,3.3813,1.0,4.5717,1.0,0.0605,1.0
EFSA_EFSA_Spain_A0C0N_001_5309,milk,Dairy,Spain,raw,raw,EFSA,0.9016190781273017,0.1006,1.0,0.0932,1.0,0.0833,1.0,0.1098,1.0,94.4795,1.0,1.4181,1.0,95.4331,1.0,25.8756,1.0,9758.0346,1.0,4311.5605,1.0,583.4178,1.0,2181.5133,1.0,1802.8474,1.0,9.2682,1.0,6.6569,1.0,5.822,1.0,5.7119,1.0,7.8118,1.0,2.2254,1.0,2.0955,1.0,6.0186,1.0,5.6469,1.0
EFSA_EFSA_Spain_A0C0N_002_2186,cheese,Dairy,Spain,aged,processed,EFSA,0.9529712058005243,0.071,1.0,0.0682,1.0,0.0842,1.0,0.0289,1.0,35.0856,1.0,63.0704,1.0,77.8413,1.0,99.8012,1.0,1588.8099,1.0,1572.5059,1.0,4909.5697,1.0,1700.746,1.0,2192.409,1.0,6.8261,1.0,6.2098,1.0,3.3025,1.0,2.3899,1.0,2.3647,1.0,5.5138,1.0,5.5023,1.0,2.4347,1.0,4.5429,1.0
EFSA_EFSA_Spain_A0C0N_003_7465,yogurt,Dairy,Spain,fermented,processed,EFSA,0.8600537418498081,0.012,1.0,0.0694,1.0,0.0434,1.0,0.0224,1.0,39.3847,1.0,70.9818,1.0,91.4354,1.0,32.65,1.0,4163.9469,1.0,4889.7081,1.0,554.4379,1.0,136.9464,1.0,4611.7738,1.0,6.3453,1.0,4.4008,1.0,6.5976,1.0,4.0617,1.0,8.3796,1.0,3.2195,1.0,4.6152,1.0,8.721,1.0,9.4416,1.0
EFSA_EFSA_Spain_A0EUR_001_5825,beef,Meat,Spain,raw,raw,EFSA,0.9794156393478459,0.0441,1.0,0.0019,1.0,0.1167,1.0,0.0479,1.0,22.0295,1.0,13.2508,1.0,7.6515,1.0,43.1289,1.0,1694.5067,1.0,3749.9781,1.0,2081.417,1.0,473.9213,1.0,3803.82,1.0,0.255,1.0,9.2718,1.0,5.2737,1.0,1.6005,1.0,3.1588,1.0,6.0801,1.0,0.3467,1.0,4.7059,1.0,2.2348,1.0
EFSA_EFSA_Spain_A0EUR_002_9313,pork,Meat,Spain,raw,raw,EFSA,0.8677322469305638,0.0756,1.0,0.0237,1.0,0.0742,1.0,0.0632,1.0,99.9972,1.0,72.6629,1.0,32.6792,1.0,99.8138,1.0,3868.6172,1.0,868.1772,1.0,4876.6092,1.0,3404.3876,1.0,1035.3816,1.0,2.0343,1.0,6.7104,1.0,5.245,1.0,0.4374,1.0,9.4284,1.0,1.4666,1.0,9.3019,1.0,6.9558,1.0,9.684,1.0
EFSA_EFSA_Spain_A0EUR_003_2249,chicken,Meat,Spain,raw,raw,EFSA,0.8890880440217634,0.0435,1.0,0.0822,1.0,0.0817,1.0,0.073,1.0,55.6312,1.0,15.134,1.0,44.6471,1.0,43.7877,1.0,3297.8604,1.0,2810.4085,1.0,4946.3739,1.0,2490.9901,1.0,3085.6634,1.0,3.0685,1.0,3.9453,1.0,1.5771,1.0,1.7388,1.0,5.5302,1.0,8.5828,1.0,4.8503,1.0,2.4014,1.0,4.9703,1.0
EFSA_EFSA_Spain_A0EVN_001_4339,salmon,Seafood,Spain,raw,raw,EFSA,0.9706709148188647,0.079,1.0,0.0096,1.0,0.0585,1.0,0.1153,1.0,9.0424,1.0,172.5916,1.0,22.1797,1.0,89.9789,1.0,4308.1668,1.0,3205.0578,1.0,2534.4881,1.0,454.9884,1.0,4717.7233,1.0,0.018,1.0,6.344,1.0,2.8452,1.0,8.0967,1.0,4.8127,1.0,9.28,1.0,3.2511,1.0,7.4437,1.0,9.4384,1.0
EFSA_EFSA_Spain_A0EVN_002_6591,tuna,Seafood,Spain,canned,processed,EFSA,0.8714512527742371,0.0164,1.0,0.0675,1.0,0.0957,1.0,0.3475,1.0,47.1608,1.0,45.3405,1.0,14.9018,1.0,54.5969,1.0,2078.803,1.0,2613.1888,1.0,375.828,1.0,3118.5284,1.0,547.3238,1.0,1.5783,1.0,7.7135,1.0,7.9652,1.0,8.8404,1.0,7.2621,1.0,6.8679,1.0,1.5174,1.0,9.7893,1.0,6.6918,1.0
EFSA_EFSA_Spain_A0F1G_001_1058,wheat_bread,Grain,Spain,baked,cooked,EFSA,0.9232368266516052,0.048,1.0,0.0242,1.0,0.0494,1.0,0.0979,1.0,88.358,1.0,33.1493,1.0,63.8839,1.0,51.471,1.0,3887.8562,1.0,1173.4097,1.0,3104.5961,1.0,2495.3218,1.0,2736.5645,1.0,9.1877,1.0,0.1254,1.0,9.9831,1.0,9.1841,1.0,2.1642,1.0,8.2848,1.0,5.2065,1.0,5.9108,1.0,8.8867,1.0
EFSA_EFSA_Spain_A0F1G_002_7866,rice,Grain,Spain,boiled,cooked,EFSA,0.9609517574560629,0.0587,1.0,0.0608,1.0,0.0939,1.0,0.0258,1.0,68.1845,1.0,62.6799,1.0,83.1726,1.0,12.2851,1.0,2869.7843,1.0,1866.9571,1.0,471.4261,1.0,3709.6923,1.0,2252.5613,1.0,2.4204,1.0,7.6032,1.0,9.0723,1.0,3.6935,1.0,7.0352,1.0,1.5352,1.0,4.1303,1.0,9.6491,1.0,2.7288,1.0
EFSA_EFSA_Spain_A0F4M_001_9552,spinach,Vegetable,Spain,raw,raw,EFSA,0.9832050817075436,0.0388,1.0,0.0328,1.0,0.0426,1.0,0.0875,1.0,96.8453,1.0,121.2311,1.0,18.9202,1.0,25.1494,1.0,2225.9109,1.0,750.5866,1.0,240.8015,1.0,4425.3041,1.0,589.4174,1.0,1.8146,1.0,3.6122,1.0,4.9086,1.0,2.7372,1.0,1.6035,1.0,2.3156,1.0,2.536,1.0,4.5209,1.0,8.6804,1.0
EFSA_EFSA_Spain_A0F4M_002_3596,tomato,Vegetable,Spain,raw,raw,EFSA,0.9363712691180623,0.0819,1.0,0.0613,1.0,0.1045,1.0,0.0949,1.0,94.2045,1.0,47.5207,1.0,56.0287,1.0,69.7726,1.0,1662.7191,1.0,802.4404,1.0,836.7295,1.0,2602.8158,1.0,3092.8157,1.0,8.8471,1.0,4.9503,1.0,4.7352,1.0,9.6513,1.0,4.2186,1.0,1.5439,1.0,7.8733,1.0,6.432,1.0,5.1333,1.0
EFSA_EFSA_Spain_A0F4M_003_8383,potato,Vegetable,Spain,boiled,cooked,EFSA,0.9503423865826133,0.079,1.0,0.021,1.0,0.0961,1.0,0.0346,1.0,66.8066,1.0,23.345,1.0,58.9931,1.0,95.3982,1.0,3386.5201,1.0,2442.2838,1.0,3303.6065,1.0,179.4262,1.0,2545.5769,1.0,9.4378,1.0,1.6261,1.0,0.7371,1.0,6.6345,1.0,9.2128,1.0,2.939,1.0,0.9167,1.0,2.954,1.0,8.8503,1.0
EFSA_EFSA_Spain_A0F3K_001_7585,apple,Fruit,Spain,raw,raw,EFSA,0.8839955627466224,0.0055,1.0,0.0433,1.0,0.0274,1.0,0.0112,1.0,8.5661,1.0,3.9872,1.0,29.9016,1.0,76.6587,1.0,1977.9348,1.0,2362.117,1.0,843.4785,1.0,1340.3765,1.0,1378.6989,1.0,8.906,1.0,9.3501,1.0,8.0399,1.0,9.514,1.0,6.3846,1.0,0.7419,1.0,2.4135,1.0,4.631,1.0,1.6593,1.0
EFSA_EFSA_Spain_A0F3K_002_8782,orange,Fruit,Spain,raw,raw,EFSA,0.9467808067578366,0.1051,1.0,0.0867,1.0,0.0446,1.0,0.0769,1.0,1.3638,1.0,71.3636,1.0,26.209,1.0,47.132,1.0,2041.3856,1.0,1819.8199,1.0,1209.7964,1.0,2674.9717,1.0,142.2025,1.0,5.7611,1.0,2.6378,1.0,1.2079,1.0,9.8035,1.0,2.2874,1.0,4.8741,1.0,6.8841,1.0,3.7765,1.0,2.5174,1.0
EFSA_EFSA_Netherlands_A0C0N_001_5081,milk,Dairy,Netherlands,raw,raw,EFSA,0.9676334442930159,0.0718,1.0,0.0368,1.0,0.0424,1.0,0.0066,1.0,29.8623,1.0,69.6186,1.0,38.0158,1.0,32.6913,1.0,705.6193,1.0,362.2548,1.0,2872.1935,1.0,3136.7746,1.0,968.6186,1.0,3.2495,1.0,2.509,1.0,0.8064,1.0,7.9376,1.0,5.6884,1.0,0.3084,1.0,3.437,1.0,8.4712,1.0,3.7854,1.0
EFSA_EFSA_Netherlands_A0C0N_002_8762,cheese,Dairy,Netherlands,aged,processed,EFSA,0.9848407176470927,0.0196,1.0,0.0491,1.0,0.0224,1.0,0.0374,1.0,20.9988,1.0,41.3981,1.0,27.1653,1.0,21.1735,1.0,5550.0826,1.0,1155.8544,1.0,1815.4475,1.0,4708.9391,1.0,3882.2643,1.0,5.3533,1.0,6.4997,1.0,3.9423,1.0,6.401,1.0,3.3376,1.0,3.9568,1.0,5.4561,1.0,4.4641,1.0,7.0124,1.0
EFSA_EFSA_Netherlands_A0C0N_003_5032,yogurt,Dairy,Netherlands,fermented,processed,EFSA,0.9503810557187197,0.0441,1.0,0.053,1.0,0.049,1.0,0.0636,1.0,4.7741,1.0,75.9295,1.0,55.9379,1.0,58.6632,1.0,977.886,1.0,2234.7894,1.0,2551.1698,1.0,4202.2216,1.0,2093.0696,1.0,2.4414,1.0,6.2344,1.0,4.0055,1.0,4.5678,1.0,0.7567,1.0,4.4656,1.0,0.7698,1.0,4.4404,1.0,8.6374,1.0
EFSA_EFSA_Netherlands_A0EUR_001_7150,beef,Meat,Netherlands,raw,raw,EFSA,0.946661804765464,0.0121,1.0,0.0536,1.0,0.0127,1.0,0.023,1.0,36.4348,1.0,59.3327,1.0,13.356,1.0,24.1358,1.0,3753.2468,1.0,195.8745,1.0,4677.6846,1.0,1110.0555,1.0,3924.1619,1.0,4.748,1.0,3.8563,1.0,3.0192,1.0,8.5206,1.0,3.7464,1.0,0.856,1.0,0.65,1.0,5.7628,1.0,8.1704,1.0
EFSA_EFSA_Netherlands_A0EUR_002_1710,pork,Meat,Netherlands,raw,raw,EFSA,0.9087492664057929,0.0184,1.0,0.0504,1.0,0.0065,1.0,0.0344,1.0,99.9051,1.0,79.6787,1.0,65.5052,1.0,64.8483,1.0,2366.1397,1.0,4122.409,1.0,1881.1175,1.0,444.8335,1.0,3013.7358,1.0,6.587,1.0,3.3377,1.0,2.4178,1.0,0.3575,1.0,8.0018,1.0,8.0845,1.0,2.2483,1.0,4.7601,1.0,8.6811,1.0
EFSA_EFSA_Netherlands_A0EUR_003_7832,chicken,Meat,Netherlands,raw,raw,EFSA,0.8961393285518273,0.0718,1.0,0.0615,1.0,0.0692,1.0,0.028,1.0,6.8892,1.0,29.0724,1.0,43.8362,1.0,46.3536,1.0,1184.8539,1.0,1139.3831,1.0,1481.1991,1.0,3996.2512,1.0,1714.4047,1.0,6.9856,1.0,5.273,1.0,1.9635,1.0,6.515,1.0,6.3275,1.0,6.7444,1.0,7.3789,1.0,5.2876,1.0,6.5418,1.0
EFSA_EFSA_Netherlands_A0EVN_001_9763,salmon,Seafood,Netherlands,raw,raw,EFSA,0.9507434346492326,0.0447,1.0,0.0603,1.0,0.0583,1.0,0.0788,1.0,94.7805,1.0,59.7849,1.0,36.8966,1.0,50.2763,1.0,4127.602,1.0,548.6288,1.0,1961.0796,1.0,1059.8484,1.0,2971.1613,1.0,8.2899,1.0,7.7006,1.0,2.2779,1.0,5.3455,1.0,0.9285,1.0,9.5899,1.0,2.5588,1.0,4.0162,1.0,6.5257,1.0
EFSA_EFSA_Netherlands_A0EVN_002_2129,tuna,Seafood,Netherlands,canned,processed,EFSA,0.9168155789882292,0.0272,1.0,0.0615,1.0,0.0495,1.0,0.0384,1.0,60.2204,1.0,28.7494,1.0,70.0849,1.0,90.3065,1.0,4014.1169,1.0,261.7301,1.0,2360.6509,1.0,4792.0182,1.0,2570.6269,1.0,9.0721,1.0,2.0454,1.0,4.897,1.0,6.0057,1.0,8.363,1.0,8.7342,1.0,0.6066,1.0,6.8774,1.0,2.9932,1.0
EFSA_EFSA_Netherlands_A0F1G_001_6817,wheat_bread,Grain,Netherlands,baked,cooked,EFSA,0.9139079355943501,0.0748,1.0,0.0162,1.0,0.0778,1.0,0.0758,1.0,4.7958,1.0,31.2346,1.0,33.8513,1.0,42.9744,1.0,3596.2487,1.0,454.851,1.0,4547.2518,1.0,2132.8429,1.0,3286.9584,1.0,1.5884,1.0,1.9828,1.0,9.1074,1.0,7.0048,1.0,4.2879,1.0,7.4475,1.0,8.2743,1.0,2.7668,1.0,5.1625,1.0
EFSA_EFSA_Netherlands_A0F1G_002_7046,rice,Grain,Netherlands,boiled,cooked,EFSA,0.9056511932097641,0.0094,1.0,0.0045,1.0,0.0283,1.0,0.0206,1.0,37.681,1.0,48.4859,1.0,87.8077,1.0,17.5315,1.0,4754.3386,1.0,412.6308,1.0,4579.7379,1.0,1604.461,1.0,1789.1123,1.0,3.3109,1.0,3.6493,1.0,8.2154,1.0,7.472,1.0,3.0994,1.0,7.0532,1.0,4.3533,1.0,1.2741,1.0,1.4099,1.0
EFSA_EFSA_Netherlands_A0F4M_001_9591,spinach,Vegetable,Netherlands,raw,raw,EFSA,0.992598136355702,0.0288,1.0,0.0185,1.0,0.0152,1.0,0.0381,1.0,4.7014,1.0,291.8077,1.0,21.3997,1.0,1.6515,1.0,2187.6356,1.0,2551.0908,1.0,116.2199,1.0,3898.7535,1.0,2243.416,1.0,2.2753,1.0,1.9867,1.0,2.0871,1.0,2.4644,1.0,7.9197,1.0,4.6199,1.0,9.7319,1.0,6.8674,1.0,6.5988,1.0
EFSA_EFSA_Netherlands_A0F4M_002_2438,tomato,Vegetable,Netherlands,raw,raw,EFSA,0.8754474757496321,0.0711,1.0,0.0209,1.0,0.0667,1.0,0.073,1.0,10.9673,1.0,82.4251,1.0,74.0172,1.0,5.958,1.0,4540.2434,1.0,4765.5423,1.0,1773.8224,1.0,4434.0403,1.0,456.7214,1.0,4.4097,1.0,5.4322,1.0,1.486,1.0,4.9301,1.0,2.9197,1.0,6.7231,1.0,6.6053,1.0,3.93,1.0,6.453,1.0
EFSA_EFSA_Netherlands_A0F4M_003_3474,potato,Vegetable,Netherlands,boiled,cooked,EFSA,0.9386885570441998,0.002,1.0,0.006,1.0,0.0742,1.0,0.0726,1.0,93.2276,1.0,5.4294,1.0,45.1114,1.0,62.5795,1.0,4856.9571,1.0,3571.758,1.0,1162.666,1.0,4564.3908,1.0,4397.1005,1.0,9.0393,1.0,2.7689,1.0,2.3974,1.0,4.1057,1.0,5.7342,1.0,5.3702,1.0,5.8093,1.0,2.6812,1.0,3.5455,1.0
EFSA_EFSA_Netherlands_A0F3K_001_3084,apple,Fruit,Netherlands,raw,raw,EFSA,0.9544082318928615,0.0514,1.0,0.0434,1.0,0.0575,1.0,0.0452,1.0,3.1727,1.0,59.3023,1.0,41.3775,1.0,6.7241,1.0,4661.9071,1.0,1298.3232,1.0,1252.9377,1.0,4860.4416,1.0,3726.0084,1.0,6.7299,1.0,3.2008,1.0,4.0015,1.0,8.2348,1.0,6.1524,1.0,1.6805,1.0,2.8936,1.0,6.2123,1.0,1.1559,1.0
EFSA_EFSA_Netherlands_A0F3K_002_5046,orange,Fruit,Netherlands,raw,raw,EFSA,0.9821233439702944,0.0201,1.0,0.0196,1.0,0.004,1.0,0.0327,1.0,97.5891,1.0,53.2604,1.0,90.4432,1.0,98.9189,1.0,477.0925,1.0,2951.9236,1.0,894.6764,1.0,4417.7098,1.0,959.635,1.0,1.6882,1.0,8.9383,1.0,4.27,1.0,1.5887,1.0,7.5207,1.0,9.3934,1.0,2.9261,1.0,3.551,1.0,8.91,1.0
USDA_654414,"Milk, whole",Dairy and Egg Products,USA,,unknown,USDA_FDC,0.9761812220512169,,,,,,,,,0.2522,1.0,7.7,1.0,17.5,1.0,18.5,1.0,7705.8,1.0,466.9,1.0,2214.7999999999997,1.0,2874.8,1.0,5493.6,1.0,3.2,1.0,,,,,,,,,,,,,,,,
USDA_178578,"Cheese, cheddar",Dairy and Egg Products,USA,,unknown,USDA_FDC,0.9273735620079607,,,,,,,,,0.33390000000000003,1.0,13.5,1.0,36.3,1.0,1.7999999999999998,1.0,15531.900000000001,1.0,1959.1999999999998,1.0,3475.2,1.0,1881.6,1.0,1029.8999999999999,1.0,2.9,1.0,,,,,,,,,,,,,,,,
USDA_184510,"Yogurt, plain",Dairy and Egg Products,USA,,unknown,USDA_FDC,0.9956522335038837,,,,,,,,,0.1348,1.0,3.7,1.0,95.19999999999999,1.0,2.0,1.0,793.0,1.0,1808.6000000000001,1.0,2721.3999999999996,1.0,9537.6,1.0,3266.3999999999996,1.0,22.599999999999998,1.0,,,,,,,,,,,,,,,,
USDA_716337,"Egg, whole",Dairy and Egg Products,USA,,unknown,USDA_FDC,0.9661747662230834,,,,,,,,,0.0844,1.0,19.7,1.0,82.8,1.0,12.0,1.0,975.1,1.0,499.90000000000003,1.0,855.6999999999999,1.0,7168.9,1.0,2741.6000000000004,1.0,6.1,1.0,,,,,,,,,,,,,,,,
USDA_152695,"Beef, ground, 85% lean",Beef Products,USA,,unknown,USDA_FDC,0.9471387588944826,,,,,,,,,0.4292,1.0,25.9,1.0,55.599999999999994,1.0,13.100000000000001,1.0,1650.9,1.0,962.3000000000001,1.0,4066.1000000000004,1.0,4215.9,1.0,1424.1999999999998,1.0,16.9,1.0,,,,,,,,,,,,,,,,
USDA_662413,"Chicken breast, raw",Poultry Products,USA,,unknown,USDA_FDC,0.9284477402849138,,,,,,,,,0.0981,1.0,29.5,1.0,107.6,1.0,17.3,1.0,847.6999999999999,1.0,1253.9,1.0,2403.1,1.0,4614.9,1.0,1753.8999999999999,1.0,13.4,1.0,,,,,,,,,,,,,,,,
USDA_474569,"Pork chop, raw",Pork Products,USA,,unknown,USDA_FDC,0.9736031282969482,,,,,,,,,0.4572,1.0,24.3,1.0,148.9,1.0,12.0,1.0,442.0,1.0,1182.1,1.0,591.0,1.0,6448.200000000001,1.0,4810.8,1.0,14.0,1.0,,,,,,,,,,,,,,,,
USDA_175081,"Turkey, ground",Poultry Products,USA,,unknown,USDA_FDC,0.9360015829618407,,,,,,,,,0.34869999999999995,1.0,45.7,1.0,15.700000000000001,1.0,8.7,1.0,240.0,1.0,1366.1000000000001,1.0,1890.3,1.0,3427.0,1.0,1020.3,1.0,28.5,1.0,,,,,,,,,,,,,,,,
USDA_465616,"Salmon, Atlantic, wild",Finfish and Shellfish Products,USA,,unknown,USDA_FDC,0.9228708034541143,,,,,,,,,1.3788999999999998,1.0,25.4,1.0,70.3,1.0,1.9,1.0,1838.0,1.0,303.4,1.0,1922.5,1.0,9723.099999999999,1.0,6313.3,1.0,17.1,1.0,,,,,,,,,,,,,,,,
USDA_786735,"Tuna, canned in water",Finfish and Shellfish Products,USA,,unknown,USDA_FDC,0.9666152962012085,,,,,,,,,0.2061,1.0,48.099999999999994,1.0,59.699999999999996,1.0,1.1,1.0,1304.0,1.0,948.9,1.0,1415.2,1.0,2297.7000000000003,1.0,4418.5,1.0,8.5,1.0,,,,,,,,,,,,,,,,
USDA_267828,"Shrimp, raw",Finfish and Shellfish Products,USA,,unknown,USDA_FDC,0.9909451304210151,,,,,,,,,1.4013,1.0,6.8999999999999995,1.0,97.5,1.0,3.9000000000000004,1.0,614.0999999999999,1.0,458.1,1.0,1843.1,1.0,5068.3,1.0,6318.6,1.0,22.9,1.0,,,,,,,,,,,,,,,,
USDA_669899,"Bread, whole wheat",Baked Products,USA,,unknown,USDA_FDC,0.9122970244866763,,,,,,,,,0.3081,1.0,36.5,1.0,92.4,1.0,10.600000000000001,1.0,428.9,1.0,1299.9,1.0,2690.4,1.0,4270.2,1.0,1151.1,1.0,20.7,1.0,,,,,,,,,,,,,,,,
USDA_623414,"Rice, brown, cooked",Cereal Grains and Pasta,USA,,unknown,USDA_FDC,0.9425130789363811,,,,,,,,,0.037700000000000004,1.0,36.1,1.0,21.9,1.0,3.5,1.0,1384.1,1.0,1315.2,1.0,4466.3,1.0,6698.8,1.0,3095.0,1.0,21.299999999999997,1.0,,,,,,,,,,,,,,,,
USDA_259947,"Oats, rolled, dry",Breakfast Cereals,USA,,unknown,USDA_FDC,0.9314383250895943,,,,,,,,,0.3719,1.0,43.4,1.0,62.0,1.0,0.7000000000000001,1.0,1611.8000000000002,1.0,1605.5,1.0,463.6,1.0,3844.6,1.0,715.1999999999999,1.0,8.299999999999999,1.0,,,,,,,,,,,,,,,,
USDA_629955,"Pasta, whole wheat, cooked",Cereal Grains and Pasta,USA,,unknown,USDA_FDC,0.9901414043708542,,,,,,,,,0.27280000000000004,1.0,30.6,1.0,139.8,1.0,13.0,1.0,1443.7,1.0,1706.9,1.0,4555.6,1.0,5958.099999999999,1.0,876.9,1.0,11.799999999999999,1.0,,,,,,,,,,,,,,,,
USDA_255564,"Spinach, raw",Vegetables and Vegetable Products,USA,,unknown,USDA_FDC,0.905227774628685,,,,,,,,,0.06559999999999999,1.0,569.7,1.0,62.699999999999996,1.0,0.7000000000000001,1.0,3186.6000000000004,1.0,2203.2,1.0,4997.200000000001,1.0,1923.8999999999999,1.0,2761.6000000000004,1.0,3.8,1.0,,,,,,,,,,,,,,,,
USDA_439015,"Broccoli, raw",Vegetables and Vegetable Products,USA,,unknown,USDA_FDC,0.9131614722975143,,,,,,,,,0.43460000000000004,1.0,25.0,1.0,148.2,1.0,4.2,1.0,1982.8,1.0,1959.9,1.0,1518.7,1.0,8922.2,1.0,4976.8,1.0,6.2,1.0,,,,,,,,,,,,,,,,
USDA_706646,"Carrot, raw",Vegetables and Vegetable Products,USA,,unknown,USDA_FDC,0.9238958959951404,,,,,,,,,0.025400000000000002,1.0,19.6,1.0,6.6000000000000005,1.0,17.4,1.0,471.70000000000005,1.0,593.0,1.0,3247.6,1.0,2946.3999999999996,1.0,2235.3,1.0,21.7,1.0,,,,,,,,,,,,,,,,
USDA_365522,"Tomato, raw",Vegetables and Vegetable Products,USA,,unknown,USDA_FDC,0.9678272154298238,,,,,,,,,0.2969,1.0,46.3,1.0,29.900000000000002,1.0,8.9,1.0,156.7,1.0,273.5,1.0,1009.4,1.0,9672.1,1.0,2466.7,1.0,21.7,1.0,,,,,,,,,,,,,,,,
USDA_146287,"Potato, baked",Vegetables and Vegetable Products,USA,,unknown,USDA_FDC,0.9636834353620494,,,,,,,,,0.44770000000000004,1.0,26.5,1.0,103.5,1.0,12.4,1.0,599.7,1.0,970.5,1.0,3555.8999999999996,1.0,6133.099999999999,1.0,1728.1,1.0,8.9,1.0,,,,,,,,,,,,,,,,
USDA_635340,"Sweet potato, baked",Vegetables and Vegetable Products,USA,,unknown,USDA_FDC,0.9340547584432819,,,,,,,,,0.25980000000000003,1.0,5.8999999999999995,1.0,39.1,1.0,18.3,1.0,622.8,1.0,652.0,1.0,4564.0,1.0,9840.1,1.0,2167.0,1.0,22.200000000000003,1.0,,,,,,,,,,,,,,,,
USDA_997052,"Kale, raw",Vegetables and Vegetable Products,USA,,unknown,USDA_FDC,0.9079957977362136,,,,,,,,,0.3085,1.0,137.3,1.0,83.2,1.0,7.4,1.0,3711.3999999999996,1.0,629.6,1.0,1665.5,1.0,3514.2000000000003,1.0,762.6,1.0,27.1,1.0,,,,,,,,,,,,,,,,
USDA_743842,"Apple, raw",Fruits and Fruit Juices,USA,,unknown,USDA_FDC,0.9452930047832879,,,,,,,,,0.3125,1.0,29.3,1.0,116.89999999999999,1.0,6.5,1.0,1644.3000000000002,1.0,1321.0,1.0,238.5,1.0,4429.4,1.0,4532.3,1.0,7.199999999999999,1.0,,,,,,,,,,,,,,,,
USDA_251435,"Banana, raw",Fruits and Fruit Juices,USA,,unknown,USDA_FDC,0.9286761154125283,,,,,,,,,0.3561,1.0,7.3,1.0,117.2,1.0,11.799999999999999,1.0,1555.3,1.0,1174.4,1.0,4100.400000000001,1.0,2022.6,1.0,2182.5,1.0,23.700000000000003,1.0,,,,,,,,,,,,,,,,
USDA_279736,"Orange, raw",Fruits and Fruit Juices,USA,,unknown,USDA_FDC,0.9509478670278801,,,,,,,,,0.4153,1.0,42.5,1.0,16.5,1.0,14.6,1.0,1876.3,1.0,610.3,1.0,3249.6,1.0,3799.8,1.0,2735.2,1.0,5.6000000000000005,1.0,,,,,,,,,,,,,,,,
USDA_904018,"Strawberry, raw",Fruits and Fruit Juices,USA,,unknown,USDA_FDC,0.9622155137954868,,,,,,,,,0.45840000000000003,1.0,6.5,1.0,89.80000000000001,1.0,7.800000000000001,1.0,500.79999999999995,1.0,631.3000000000001,1.0,122.89999999999999,1.0,5204.0,1.0,3627.9,1.0,4.5,1.0,,,,,,,,,,,,,,,,
USDA_683791,"Blueberry, raw",Fruits and Fruit Juices,USA,,unknown,USDA_FDC,0.9696927676217,,,,,,,,,0.4341,1.0,10.9,1.0,19.2,1.0,10.0,1.0,819.4,1.0,1529.1999999999998,1.0,2552.6,1.0,4311.5,1.0,2416.1000000000004,1.0,14.7,1.0,,,,,,,,,,,,,,,,
USDA_597808,"Lentils, cooked",Legumes and Legume Products,USA,,unknown,USDA_FDC,0.9899692034271498,,,,,,,,,0.154,1.0,14.5,1.0,40.300000000000004,1.0,18.2,1.0,1122.5,1.0,617.6,1.0,3424.6,1.0,1570.6999999999998,1.0,3418.2999999999997,1.0,27.3,1.0,,,,,,,,,,,,,,,,
USDA_324652,"Chickpeas, canned",Legumes and Legume Products,USA,,unknown,USDA_FDC,0.9254279893775356,,,,,,,,,0.3429,1.0,7.7,1.0,107.6,1.0,14.7,1.0,1171.5,1.0,1510.6,1.0,1731.2,1.0,6554.0,1.0,3825.2,1.0,8.0,1.0,,,,,,,,,,,,,,,,
USDA_262886,"Black beans, cooked",Legumes and Legume Products,USA,,unknown,USDA_FDC,0.9510564055373114,,,,,,,,,0.4292,1.0,34.4,1.0,71.8,1.0,18.9,1.0,1469.8,1.0,385.20000000000005,1.0,2453.8,1.0,9866.699999999999,1.0,3904.4,1.0,3.5,1.0,,,,,,,,,,,,,,,,
USDA_793446,"Almonds, raw",Nut and Seed Products,USA,,unknown,USDA_FDC,0.9316372338501817,,,,,,,,,0.1859,1.0,44.900000000000006,1.0,137.89999999999998,1.0,9.0,1.0,701.8000000000001,1.0,806.0,1.0,4604.5,1.0,8040.2,1.0,3098.3999999999996,1.0,26.9,1.0,,,,,,,,,,,,,,,,
USDA_673631,"Walnuts, raw",Nut and Seed Products,USA,,unknown,USDA_FDC,0.9246425439292176,,,,,,,,,0.42969999999999997,1.0,30.099999999999998,1.0,48.8,1.0,1.7000000000000002,1.0,1380.6,1.0,884.0999999999999,1.0,4923.3,1.0,9542.1,1.0,4485.299999999999,1.0,2.2,1.0,,,,,,,,,,,,,,,,
USDA_726158,Peanut butter,Legumes and Legume Products,USA,,unknown,USDA_FDC,0.90345256080308,,,,,,,,,0.35850000000000004,1.0,4.6000000000000005,1.0,56.2,1.0,15.2,1.0,638.5,1.0,809.3000000000001,1.0,2449.3,1.0,2488.5,1.0,1907.6,1.0,5.5,1.0,,,,,,,,,,,,,,,,
